<component name="ProjectRunConfigurationManager">
  <configuration default="false" name="SolutionStep3SpringBootApplication" type="SpringBootApplicationConfigurationType" factoryName="Spring Boot">
    <module name="solutions-step3" />
    <option name="SPRING_BOOT_MAIN_CLASS" value="com.vaadin.training.router.solution.step3.SolutionStep3SpringBootApplication" />
    <option name="WORKING_DIRECTORY" value="file://$MODULE_DIR$" />
    <method v="2">
      <option name="Make" enabled="true" />
    </method>
  </configuration>
</component>